win,kills,deaths,assists,gold_earned,cs,wards_placed,wards_killed,damage_dealt
0,16,6,19,17088,231,11,7,15367
1,8,8,5,14865,259,10,2,38332
0,0,17,11,15919,169,14,5,24642
0,19,11,1,11534,264,14,3,15789
0,12,7,6,18926,124,15,7,40268
1,15,7,15,19245,70,9,5,25950
0,12,17,2,8156,221,11,7,30563
0,13,19,12,16580,182,12,0,44649
0,2,14,2,9307,136,3,5,41404
1,5,6,17,10634,218,6,0,37991
0,17,10,10,13575,108,1,0,44065
0,18,19,7,10810,138,14,7,5350
0,4,15,5,13533,282,7,6,23312
0,14,3,0,10934,231,6,2,29127
1,1,5,0,15179,251,14,5,33853
0,9,2,7,17251,199,13,8,42500
1,17,8,4,18131,132,7,6,38785
1,12,9,15,8109,114,11,2,23610
1,4,13,10,9082,113,12,5,28590
0,0,10,4,18822,120,10,3,34443
1,0,17,3,17707,53,16,2,12170
0,17,11,5,15990,242,16,8,18303
1,14,11,13,8240,192,3,9,11207
1,16,12,18,15180,153,7,1,17316
1,10,12,8,11028,253,4,0,40187
1,16,18,11,16606,199,15,1,11240
1,12,18,10,6849,263,3,6,6893
1,0,13,13,13497,291,14,9,18753
1,1,3,15,16805,224,11,0,43090
1,8,12,0,7749,258,4,5,16232
0,2,7,12,18156,142,15,6,22509
0,0,18,12,11680,223,13,8,8117
1,15,11,1,14327,191,9,7,41929
1,5,17,3,18722,227,6,5,9042
1,16,5,5,5205,197,12,2,42201
0,4,17,4,12352,227,19,7,31746
1,4,18,2,9591,161,4,6,19016
0,5,4,0,8450,210,2,2,30022
0,2,8,3,12214,168,14,8,40426
0,4,2,19,19197,108,3,1,32938
0,4,9,1,8811,92,14,2,48678
0,9,18,4,16814,256,13,1,40712
1,9,2,2,16791,61,19,0,44978
1,18,14,8,15743,89,18,3,13787
1,16,0,19,10141,167,12,4,6986
1,13,6,5,17500,69,9,5,15942
1,8,11,17,13501,271,4,4,22458
0,13,16,5,7708,215,19,0,17161
1,0,19,18,6991,180,19,2,25689
1,18,4,11,13463,205,5,0,34163
0,12,3,10,16834,233,3,4,40775
1,12,11,1,17278,139,1,4,38737
0,3,19,14,15014,143,15,5,13772
1,0,17,11,8273,62,17,7,40592
0,16,16,11,19367,254,4,9,6211
1,7,18,8,9538,115,3,0,5229
1,1,8,1,19497,86,12,3,19345
0,7,3,2,17541,226,18,9,40953
0,6,1,11,13712,279,1,0,36819
0,1,3,15,14168,115,12,8,21885
0,2,1,0,8722,85,10,6,31708
0,17,14,2,8551,231,3,6,5048
0,11,1,19,17297,75,19,4,24950
0,0,3,1,15965,124,19,6,20173
0,11,5,8,15744,249,14,1,38737
1,4,6,18,7832,157,3,3,33036
1,16,9,14,17099,217,8,6,10820
0,15,18,17,10679,92,6,2,19292
1,14,18,10,11579,199,18,1,8052
1,14,11,15,18422,197,18,9,49377
1,4,2,16,5152,57,5,1,28781
1,13,12,4,10754,78,5,0,7302
0,1,17,11,16156,89,19,4,7283
1,10,7,10,16108,267,14,5,47567
0,18,14,14,7800,207,14,5,20620
1,6,0,2,19144,258,19,8,35461
1,5,2,0,10310,177,8,3,25750
1,1,7,19,14944,133,3,0,37890
0,5,3,15,7610,165,17,5,28183
1,17,15,1,17067,232,17,4,14472
0,1,9,1,6104,193,4,9,8727
1,17,11,2,15728,223,19,5,30523
0,14,13,7,18182,111,10,2,35766
1,18,13,14,18399,284,4,1,42726
0,1,1,6,12361,56,3,5,5524
0,19,4,5,9199,257,11,0,14079
1,5,4,8,8854,94,1,6,13399
0,0,5,19,12263,236,12,6,32370
1,14,12,0,16686,288,9,9,21532
1,9,8,7,6914,233,8,6,21821
1,18,14,2,12365,225,9,9,48162
1,16,13,3,8072,204,6,0,8749
1,4,6,14,14198,230,3,3,16353
1,3,19,5,5406,264,18,6,33477
1,9,1,14,18689,137,9,8,29570
1,16,6,2,5166,122,2,4,25837
1,9,5,13,5508,212,18,1,16437
1,16,16,19,6661,228,1,6,43104
1,19,1,13,19648,261,19,9,9551
0,4,2,3,8664,86,9,0,7823
0,1,4,11,8489,283,1,6,17916
1,5,4,16,18050,258,1,5,20167
1,1,0,6,5680,288,16,6,46445
1,12,7,8,7524,272,15,9,13391
1,10,11,2,7120,168,15,2,17658
1,10,3,12,10260,106,13,2,34685
1,15,12,14,17869,57,6,6,28380
1,10,14,17,9357,256,10,1,47431
1,18,10,18,6363,144,0,0,33919
0,14,9,0,14523,166,10,8,7311
1,15,2,5,7292,271,3,8,44993
0,10,13,1,6538,159,6,6,49333
1,15,15,13,8408,69,14,6,48038
1,7,9,5,12742,173,17,2,18560
0,3,9,13,13752,280,11,9,43553
1,7,11,3,14291,102,16,1,30993
0,3,8,7,6903,168,0,6,35492
1,2,0,2,5174,61,10,8,25981
1,2,4,18,15348,226,0,0,29143
0,17,19,13,7230,66,14,3,17067
1,18,7,19,9287,113,9,5,28916
0,18,10,16,9160,91,6,6,46508
1,4,11,7,17112,143,1,9,8815
0,17,0,13,12106,206,9,6,36836
0,9,19,5,14689,196,3,9,42477
1,5,10,15,17046,287,11,1,42275
1,0,4,18,8171,60,18,3,44343
0,4,14,13,6567,147,10,4,9773
1,8,4,18,6151,227,7,0,17446
1,11,11,2,12619,120,17,0,35733
1,13,4,9,11033,157,10,9,15464
0,1,16,18,13560,107,10,2,26576
0,16,16,8,9946,83,12,9,8320
0,13,11,19,13234,69,2,2,15750
0,12,14,12,6907,99,11,7,42466
0,8,14,6,8490,151,2,8,31572
0,14,5,13,7535,265,9,0,22948
0,14,11,8,9173,187,16,1,43826
0,10,19,18,16065,209,1,9,28515
0,15,17,14,15016,101,16,1,32867
1,16,13,19,6293,64,15,3,5726
0,3,1,13,9769,278,1,1,30820
1,0,8,5,9796,133,19,6,11697
1,7,4,3,18046,180,5,8,49678
1,16,19,7,19211,86,9,6,47025
0,2,0,16,11871,175,9,5,17963
0,19,2,8,16578,298,7,9,6081
0,14,5,0,7972,89,0,0,25269
0,14,4,19,8922,121,12,9,15776
1,13,4,13,9997,89,8,8,36816
0,13,0,10,12032,285,9,4,19196
0,1,16,2,5992,105,14,4,47112
0,12,18,8,13112,200,4,5,20958
0,13,13,13,10287,153,15,8,28369
0,18,11,8,15578,188,12,7,16689
1,6,9,3,7240,159,19,7,22331
0,2,19,3,6476,241,17,7,42528
1,14,17,7,11426,185,10,0,18436
0,13,10,1,16599,142,8,0,5066
1,10,1,8,5389,143,15,7,35725
0,14,17,13,5999,105,1,4,30212
0,12,6,8,17812,109,1,8,38332
1,17,14,15,6855,187,11,1,30401
1,5,10,16,13125,88,7,8,18393
1,2,17,15,18794,77,8,7,8670
0,18,11,11,13850,98,11,8,30601
1,14,5,2,7763,213,8,3,7251
0,4,19,10,8663,174,9,0,38572
0,9,12,13,9986,62,1,0,32027
1,6,19,17,6481,273,15,4,36846
1,16,15,4,12256,85,19,1,26015
0,6,17,15,8731,150,6,7,14583
0,11,9,19,12262,75,1,9,28104
1,16,7,4,5451,135,0,4,17224
1,12,17,2,15667,53,18,4,43784
1,19,0,11,16414,272,3,1,35836
0,3,7,0,14729,131,1,6,34299
0,9,5,8,8093,241,13,7,18036
0,2,4,8,5882,215,1,9,24933
0,8,14,3,9408,176,14,0,17392
0,12,14,2,9068,137,11,1,12938
0,17,1,16,18127,176,4,9,9141
1,14,0,1,15758,169,19,3,28350
0,3,10,0,8277,264,6,4,14546
0,14,9,7,13566,71,9,1,10335
0,1,17,12,17738,179,13,0,10077
1,14,17,14,16889,80,13,8,10611
0,7,16,7,12951,168,4,0,45857
0,7,7,11,16254,60,17,3,40660
1,16,14,11,9690,269,13,1,10577
0,11,7,13,16442,95,1,3,25002
0,18,16,14,18521,145,11,7,44451
0,9,11,14,9595,239,5,7,39275
0,8,7,8,9559,246,3,8,33647
0,4,13,18,12291,241,12,4,39831
1,5,3,19,13160,279,3,6,39768
1,19,0,7,5112,59,13,2,35962
1,1,0,18,10131,217,15,9,34583
0,12,18,5,8197,177,3,3,6294
0,5,15,19,15570,287,0,9,20096
0,4,13,18,15116,201,12,8,41833
1,0,15,3,5139,148,3,9,32328
0,5,4,6,6424,221,19,9,29398
0,5,8,3,7949,161,17,0,22706
1,15,1,11,8168,109,5,1,27340
0,3,17,12,13708,239,2,4,23825
1,10,5,2,15808,136,12,2,22482
1,8,8,11,11043,194,15,1,14318
1,2,0,1,11989,114,4,0,46256
0,18,8,1,12236,296,3,9,49009
0,7,15,8,11261,272,7,2,48185
0,4,12,0,5887,272,18,0,20574
0,3,8,7,8104,283,13,0,19650
0,5,12,5,18629,106,6,0,33930
0,1,8,5,5049,232,13,7,25171
0,19,10,17,8951,155,5,2,39864
1,10,3,16,8560,230,11,0,16801
0,3,1,11,5018,233,15,6,27372
1,14,5,5,9821,275,16,9,21559
0,5,13,7,11340,58,12,2,37334
0,16,3,18,13058,71,13,7,44937
0,5,5,9,14665,190,6,3,18288
1,18,18,0,17253,138,13,3,27398
1,1,5,12,7606,225,14,4,15694
1,14,1,16,12846,67,11,5,17191
1,10,17,2,13643,164,16,6,23051
0,7,12,7,11432,253,8,3,15737
1,18,8,13,18452,217,14,7,30251
0,12,18,2,18395,194,11,5,10147
0,11,12,15,8765,192,1,0,24643
1,4,10,12,7438,155,4,0,43967
1,5,0,19,17502,64,12,8,38314
1,3,6,16,14741,256,19,9,42999
1,18,14,12,11358,112,7,5,45733
1,19,0,5,16666,296,13,9,23467
1,0,11,16,13319,216,14,7,39808
1,19,6,13,10941,62,10,6,6752
1,16,14,16,12644,130,0,5,6849
0,11,18,7,9855,81,2,3,7642
1,14,0,10,11547,186,16,6,6600
1,0,16,19,12196,89,18,8,25786
0,13,16,0,10911,197,13,9,49565
1,5,2,6,11481,267,7,9,25183
0,4,11,16,7761,268,12,6,6132
0,10,5,9,9456,262,19,0,43259
1,3,10,10,17856,131,2,9,36076
0,12,2,8,14607,126,4,8,43563
0,10,7,8,11361,257,8,3,31691
0,2,13,4,10693,250,5,2,48299
0,0,13,16,10788,240,1,3,15931
1,5,9,8,5201,125,12,3,12633
0,17,1,16,11160,221,4,9,42777
1,9,13,18,15561,87,7,1,39881
0,4,8,6,5517,260,0,0,6044
0,9,2,8,12737,237,19,9,40199
0,11,7,6,18636,120,11,0,29363
0,1,15,12,18723,298,10,7,6582
1,12,1,10,14533,276,6,1,19374
1,7,5,13,17968,97,14,9,6308
0,1,11,18,6988,67,10,4,26301
0,19,4,10,16737,193,15,3,13793
1,0,1,12,18779,232,2,7,6620
0,4,15,13,17712,88,19,1,34883
0,8,4,12,19256,245,13,9,42534
0,16,14,0,8802,236,2,8,42960
1,8,11,7,10808,138,0,6,44390
1,10,3,11,16467,273,14,6,11093
1,14,14,18,16846,111,0,0,27259
0,5,10,11,12162,281,16,1,25655
0,2,15,7,15626,190,1,3,38005
1,16,5,7,18065,158,19,3,36629
1,4,13,12,11241,130,5,2,28610
1,11,17,11,19114,290,7,6,26602
1,17,11,15,13399,278,15,7,25409
0,13,10,0,10633,183,18,1,16110
1,10,12,12,10755,260,0,3,11073
0,8,10,6,15825,126,2,2,40310
1,1,15,4,11309,298,2,1,20282
0,11,14,7,9117,237,4,5,15195
1,2,14,13,13345,139,11,3,6537
1,2,3,12,19250,63,11,5,22138
1,0,10,14,16558,144,19,1,49328
1,7,18,16,17506,103,12,3,45164
0,7,14,14,17956,181,19,5,29207
1,10,3,19,6518,88,8,4,25619
0,8,12,17,19565,121,6,2,29845
0,4,18,17,11163,74,3,7,29310
0,13,1,1,7600,126,18,6,42899
0,2,13,3,18237,209,18,2,35562
1,4,3,0,7195,236,5,5,33036
0,4,15,3,17690,279,12,3,13697
0,18,19,17,17883,240,10,4,22513
0,13,13,4,8554,215,12,4,48039
1,3,14,18,15606,169,12,6,8145
1,12,2,14,18725,269,19,4,32818
1,9,7,7,7849,102,14,2,35544
1,17,15,19,18445,271,12,9,18100
0,7,9,16,6742,244,10,4,25104
0,7,3,0,6306,205,18,6,9067
1,6,17,11,8849,180,7,4,41963
0,7,1,18,17360,286,19,4,35728
0,13,16,14,17768,295,7,8,37317
0,18,12,8,12519,275,9,2,36416
1,5,3,6,17847,257,15,5,47012
1,0,10,1,18032,199,18,0,45049
0,14,6,8,18754,145,10,9,7509
1,0,11,9,9195,215,12,4,26400
1,16,9,1,10178,249,8,7,11533
1,0,6,18,7555,296,19,4,19670
1,14,12,10,7305,121,18,8,8932
1,1,6,12,17700,111,15,5,43328
0,13,16,9,12619,234,6,7,41784
1,7,9,13,14280,55,18,9,28723
0,7,9,17,7642,255,11,7,5719
0,18,3,18,14369,81,14,2,5074
1,6,19,8,19296,148,13,6,31498
0,18,3,6,11409,187,10,6,36345
0,5,6,2,18108,180,9,9,25541
0,5,0,19,9757,236,10,5,39917
1,2,11,5,7994,125,5,6,31028
1,6,12,1,13751,226,1,1,34545
0,18,9,5,16156,108,10,8,19033
1,7,14,2,6271,80,18,9,36673
1,9,12,15,6813,142,5,9,35974
1,19,8,7,16107,118,13,0,28097
1,14,8,1,13801,239,19,0,41975
0,14,14,16,7461,101,5,2,32608
0,0,9,8,9120,138,16,2,28525
1,19,9,11,11124,176,9,0,20043
1,6,7,2,13475,218,0,6,46846
0,3,15,10,18760,80,2,3,16725
0,5,16,0,16120,262,7,9,41704
1,0,4,12,9396,299,7,1,47075
0,4,3,14,14283,133,19,9,42383
1,0,17,4,18318,280,14,4,34483
1,3,18,16,5816,176,6,5,12265
0,1,3,5,12304,199,10,8,27763
0,9,6,10,12331,181,6,3,15116
1,4,9,17,5082,62,3,1,20733
1,9,17,3,6920,94,11,4,30502
0,0,18,2,12817,176,5,2,42420
1,5,3,12,16683,219,13,1,48241
0,12,9,8,16336,163,11,0,14247
1,14,0,5,7093,226,10,9,28840
0,3,17,11,17905,69,18,1,26058
0,12,4,1,12071,293,4,5,39929
0,19,14,2,12967,254,13,7,23635
1,14,16,2,19597,130,15,2,30628
1,7,2,11,13367,231,12,8,36362
0,4,11,14,10285,213,19,8,25953
1,14,1,8,15896,274,3,1,24128
0,3,0,7,9937,178,10,7,17061
0,11,16,10,5369,192,16,9,11041
1,12,15,15,6818,254,6,4,17673
1,1,4,3,7101,66,13,3,26059
0,18,14,0,17977,201,10,9,39328
1,18,2,6,8490,107,8,4,49722
1,3,6,1,6779,121,12,3,22548
0,3,10,4,12674,291,17,7,20078
0,10,9,6,6364,268,10,3,10419
1,4,8,3,12294,158,14,9,40490
0,19,13,4,18720,72,18,5,15550
0,10,12,0,17654,223,0,1,35337
1,9,1,0,16534,121,3,4,6468
0,7,2,14,17931,57,13,5,29309
0,5,6,19,8676,108,13,4,5808
1,5,17,18,7426,267,2,1,29747
1,7,2,9,13264,160,16,6,11719
0,14,9,17,13089,236,2,3,21363
0,13,6,2,7962,62,15,7,33718
1,10,8,10,18559,216,13,6,33801
1,11,16,14,5859,278,19,6,48359
1,12,10,10,17048,290,12,8,42841
1,7,6,16,9138,205,14,0,13012
0,17,13,16,7424,266,13,9,23029
1,0,18,5,14256,238,18,5,46017
1,14,3,4,15409,65,5,5,5767
0,7,5,7,9017,168,9,5,8895
1,10,9,1,15451,51,14,5,47968
0,11,6,15,18804,295,19,9,45097
1,11,12,19,16943,259,5,6,20332
1,3,13,11,15278,194,9,9,19621
1,15,3,5,13560,79,6,5,16334
0,3,7,0,15996,152,16,0,23174
0,4,4,3,13342,62,17,2,38653
1,4,0,16,6134,145,16,1,45502
0,7,3,12,18791,291,8,5,41674
0,9,2,17,18747,270,9,7,42260
0,16,8,4,10166,287,9,2,47498
0,8,7,2,10119,143,6,9,7073
0,18,0,10,10694,131,15,7,11269
0,13,5,12,15976,62,17,7,22194
1,7,8,3,11136,220,5,4,31811
1,8,6,13,10485,262,19,7,11841
0,10,3,10,9164,143,0,5,48723
1,0,12,9,7346,198,0,4,39800
1,13,16,18,10039,161,11,8,14699
1,4,1,17,9897,104,1,6,15762
1,13,4,5,19631,130,3,7,44897
0,3,11,14,15442,217,16,0,46556
1,0,7,9,13252,260,3,1,7147
1,18,5,4,10041,165,10,7,38383
0,7,7,4,16202,192,3,8,38715
0,14,17,9,8901,250,0,3,43445
1,14,2,4,6337,229,6,9,45634
1,8,11,2,6184,251,17,9,7013
1,8,2,5,9426,157,8,8,25081
1,9,5,3,6551,272,2,3,21874
1,19,1,17,17625,102,7,9,42755
1,8,11,8,6629,264,18,9,13733
0,2,1,16,14519,177,3,9,14479
1,19,5,12,6526,229,17,8,14825
1,10,16,14,14865,207,19,6,26304
0,5,2,19,6361,210,10,1,40694
0,1,1,16,14765,106,13,8,45050
0,6,19,12,15878,101,17,3,20635
0,17,7,15,9370,186,15,7,25760
1,1,11,3,10283,231,2,6,14490
1,16,3,4,12610,160,14,6,26252
1,10,4,4,15558,50,3,7,44754
1,11,12,8,19924,93,4,0,11862
1,18,14,16,19839,276,16,4,49927
1,6,15,12,16949,124,6,1,9423
0,19,9,1,15626,147,15,1,15450
1,5,15,12,6993,257,13,0,45927
0,0,11,18,5869,58,15,4,39841
0,16,16,2,6014,81,6,1,27554
1,10,15,9,15103,64,8,3,36826
0,17,11,1,5602,189,3,2,47879
1,16,7,12,17013,274,10,2,11825
0,6,19,18,19087,286,1,1,48420
1,16,2,16,5690,255,11,5,17454
0,19,15,13,13685,298,11,1,29251
1,8,12,11,5489,234,3,7,25648
1,16,18,11,11864,185,17,7,45736
1,19,7,10,12240,121,6,4,29530
1,7,4,6,15748,204,0,9,17516
1,16,19,3,17677,239,12,6,45544
0,6,7,18,12786,61,5,3,13558
0,0,11,0,13024,114,5,0,13719
0,12,0,2,5294,156,11,1,9886
1,18,19,12,10488,281,7,9,33185
0,18,5,14,9027,91,18,9,42387
1,16,17,1,16035,239,4,3,26575
1,12,7,10,7912,164,17,0,48113
0,15,6,3,14909,188,4,7,44643
0,7,0,18,15788,152,9,8,15100
1,18,15,16,9744,220,0,3,12856
0,17,11,2,6873,144,9,9,43169
1,0,5,17,17855,66,4,2,33804
1,13,19,7,8258,274,11,1,40790
1,18,1,18,7817,209,6,4,35988
1,14,13,4,13636,299,8,2,49443
1,17,3,6,8641,270,11,9,15912
0,1,0,7,9458,262,0,6,43506
0,16,17,4,19458,134,10,5,27368
1,17,12,16,10307,217,14,0,6770
1,5,1,4,13933,200,1,7,17305
0,18,8,3,7041,105,19,1,14969
0,3,1,18,5679,183,6,4,17404
1,0,8,1,15659,135,11,8,13989
0,7,0,10,16889,227,17,7,40983
1,6,10,12,10738,151,2,1,49748
0,2,2,14,10668,214,6,8,44462
1,9,19,11,14550,286,10,4,24360
0,9,3,10,19427,241,17,9,25121
1,18,17,6,12697,292,11,5,31287
0,13,5,4,13033,103,5,2,48429
0,1,2,16,5062,249,4,2,39160
1,0,10,19,12829,282,0,9,11789
0,17,14,8,15751,226,11,7,32181
1,6,4,13,18450,276,10,9,19385
0,7,19,11,16961,164,3,9,22061
1,0,9,5,12352,188,17,1,5105
0,2,11,16,18516,137,3,1,49247
1,7,14,18,11915,98,16,4,26137
0,14,16,18,17543,198,1,5,39714
1,4,9,15,13326,164,1,1,10544
0,2,5,11,8644,243,11,4,18275
1,18,17,11,9970,112,5,6,44753
1,0,12,19,18109,153,9,9,39550
1,14,2,5,15327,132,15,9,24641
0,7,9,3,13003,152,13,7,11213
1,1,13,5,8278,205,6,6,19485
0,2,5,10,12296,66,18,7,20605
1,13,2,0,14014,55,16,8,42637
0,13,15,14,8074,196,8,4,25390
1,10,6,10,18261,233,12,4,14867
0,15,19,18,16173,279,4,9,8981
0,3,13,17,19065,77,4,3,14493
1,19,8,16,13312,243,9,8,10682
0,4,14,18,12552,87,9,4,10782
0,13,2,13,6637,168,6,1,34799
1,15,1,17,18652,86,14,9,46905
0,17,1,18,10103,164,6,7,21984
0,6,2,14,14116,293,14,6,27760
0,9,17,14,5644,117,2,7,30993
1,6,13,3,7032,263,18,2,6524
0,0,19,6,7761,267,9,3,31120
1,18,17,12,7068,226,14,4,5078
0,15,9,2,5241,92,2,5,40891
0,18,1,15,19790,213,5,0,30473
0,3,0,8,7668,107,11,3,44832
1,17,3,7,19638,62,14,9,13417
0,1,13,19,18907,101,5,4,18362
0,0,0,12,5802,107,12,6,6209
1,14,13,16,10059,81,18,4,42921
0,4,15,16,17356,258,2,0,9898
1,19,13,16,18440,154,7,6,23562
1,10,19,0,5195,277,7,7,15871
0,9,2,7,7187,296,19,6,12610
1,1,2,18,16707,237,14,3,48845
0,2,8,5,7330,287,3,7,32382
1,11,5,2,15551,132,18,4,20791
1,19,12,4,9841,235,2,9,40312
0,4,1,12,8606,148,12,8,43290
1,4,7,14,18976,287,7,9,7370
1,5,1,13,13468,153,15,4,24665
1,8,3,15,5060,233,12,0,9710
1,1,14,17,16582,77,2,8,5328
1,11,3,10,15105,178,15,4,43347
0,2,12,2,19387,219,8,5,25612
1,19,11,9,8927,259,13,3,11794
0,11,12,9,11296,97,12,5,37888
1,16,13,15,19060,89,6,7,11749
0,9,19,11,18622,146,14,2,25608
0,13,17,1,19125,240,6,4,20450
1,16,5,8,7591,253,5,1,8675
1,17,10,2,13758,249,1,1,23460
1,18,1,14,17127,265,8,6,43411
0,16,18,2,14763,257,16,9,16560
1,13,18,18,17909,163,4,9,37463
0,8,4,17,11121,181,11,9,36663
0,7,18,7,6200,215,0,5,8170
0,1,1,16,17601,285,9,3,38123
1,12,9,7,7854,204,10,4,33810
1,6,1,6,16087,186,15,0,14718
0,8,10,6,19432,160,13,6,5028
0,10,17,2,12024,193,7,7,22397
1,13,14,0,14428,233,16,8,48662
0,3,8,3,11972,125,17,7,46787
1,12,18,4,5136,80,11,4,7024
0,1,8,0,6029,265,16,2,43607
1,4,2,14,15348,168,13,9,18503
0,10,8,4,7594,191,15,8,15303
1,5,13,12,12206,286,13,5,22138
0,17,18,7,5661,74,8,4,30345
1,9,6,7,7472,83,3,2,34505
1,3,15,4,15869,116,10,5,6906
0,8,15,8,15500,299,5,2,45167
0,5,0,0,5086,201,14,9,12961
1,1,3,3,15704,167,4,5,31140
0,16,3,2,11219,283,10,3,17031
1,4,6,1,19806,122,17,1,20128
0,5,7,7,13143,75,12,7,20663
1,11,16,8,19749,197,10,3,39228
1,9,4,1,11968,241,13,8,20682
1,5,6,13,16134,153,17,6,20193
1,7,19,13,7773,59,18,1,33561
1,1,19,3,15696,260,14,3,48813
1,11,3,5,18596,116,8,4,12766
0,12,5,10,16502,201,7,2,34844
0,6,6,2,6700,54,19,8,34432
0,9,17,7,16862,244,0,4,34504
1,12,4,2,7700,235,3,1,42146
1,16,19,13,11815,76,13,2,45297
1,13,2,12,16821,257,1,8,25858
1,1,6,12,17782,162,15,6,8071
0,10,13,1,6647,64,2,1,21939
0,0,6,12,11038,212,7,8,29931
1,18,4,18,10164,253,5,3,49460
0,3,4,5,10520,154,15,8,6040
0,18,1,15,16510,230,15,1,7686
1,10,5,1,8687,93,6,9,17666
0,7,14,7,5596,75,12,3,40321
1,10,9,16,9545,224,12,4,6779
0,3,6,1,13676,211,4,1,18186
1,16,4,9,13837,264,19,9,21459
1,6,0,15,19955,144,17,0,25710
1,7,12,5,16281,227,14,6,27219
1,2,17,1,18917,133,17,9,10057
0,1,12,1,9757,189,1,0,23733
1,14,17,12,18045,264,9,7,24157
1,4,4,14,9384,181,12,2,40030
1,0,12,1,13912,136,17,9,24613
0,3,3,6,9733,225,14,5,48076
1,14,16,2,19570,232,11,6,22492
0,19,2,7,19751,161,14,9,25746
1,18,16,13,12081,178,12,0,10188
0,2,10,6,13690,295,17,5,46570
0,19,19,6,12117,138,14,6,34680
1,10,3,0,9729,115,10,5,42825
0,16,1,16,6673,207,18,3,41766
1,12,19,8,19318,180,2,0,13864
1,10,15,12,16259,171,6,8,41445
1,1,17,18,13306,198,13,3,10796
0,8,7,18,16171,266,13,6,44131
0,1,2,16,17961,133,12,6,13123
1,8,8,9,14928,226,11,1,13222
1,8,19,9,18545,165,8,0,29074
0,7,5,3,16803,263,0,7,34825
1,16,9,7,12178,262,18,7,41839
1,0,9,19,15445,239,10,6,46576
1,10,12,19,7294,274,18,7,7786
0,7,16,17,8630,165,17,2,38638
0,9,8,13,5146,87,11,1,41964
0,6,16,17,19453,192,0,6,49564
1,2,8,13,17174,299,18,7,30988
1,2,8,19,8453,299,19,0,40507
1,17,0,14,9507,159,16,9,38708
0,4,1,3,10783,229,4,8,38108
1,11,15,12,12751,256,2,3,34715
1,11,0,7,15602,95,1,3,28806
1,18,9,17,10628,74,2,2,41901
1,5,17,11,13328,70,7,5,22043
0,1,7,13,8360,265,15,0,15225
0,11,10,1,8005,170,5,5,14752
1,18,1,17,8552,171,12,1,8457
0,4,7,1,5018,182,15,8,47616
0,11,7,10,7242,119,15,1,14241
1,16,16,8,19665,162,2,6,5453
1,16,14,11,19247,156,12,0,14896
0,9,16,16,11318,161,13,6,26826
1,16,12,14,10097,157,7,4,15976
0,14,18,16,13640,96,11,7,38586
1,11,4,17,6948,264,7,3,9868
0,15,11,5,14137,245,8,9,21396
1,18,0,16,18665,140,0,6,36634
0,7,4,17,10618,67,5,5,17171
0,16,7,7,9236,198,18,4,29111
0,4,12,8,11901,269,10,3,38688
1,15,7,5,6920,276,10,6,26304
0,5,10,4,16169,263,12,4,47274
0,7,0,11,9188,153,10,4,44243
1,17,12,10,17207,200,17,0,33253
1,11,18,0,5238,241,14,1,35980
0,14,2,10,5204,244,0,4,7017
0,8,16,18,15799,89,6,2,12957
1,12,4,8,10552,291,12,1,47188
1,14,19,1,17532,187,11,3,9792
1,9,7,11,9927,138,17,3,18237
1,15,13,3,16580,229,18,3,21251
1,6,3,3,16164,290,14,3,24252
0,16,10,17,9390,249,7,2,15707
1,6,19,14,7687,296,18,6,39206
0,13,14,18,9951,252,9,8,33740
0,14,18,12,11160,110,6,4,8543
0,6,6,18,17358,241,17,3,49135
1,8,18,16,10388,54,15,1,44111
0,18,18,5,14540,171,19,1,40031
0,15,10,15,17592,286,5,4,47929
1,7,4,11,10126,230,8,6,5211
0,17,4,18,18625,104,12,9,44795
0,17,7,4,5816,86,7,9,5331
1,19,9,16,18414,105,15,8,28244
0,6,5,0,14012,236,12,6,13169
0,2,14,9,5192,286,12,4,27104
0,17,15,14,6776,151,16,9,46901
1,9,16,10,8645,142,19,9,19591
1,6,7,12,17816,246,4,9,36711
1,16,7,4,11314,122,16,5,5727
0,13,8,0,13442,108,8,2,26359
0,2,1,11,6788,289,1,4,48822
1,11,14,10,12374,51,17,7,41011
0,12,17,16,19876,242,8,0,42863
0,1,2,3,8700,153,5,0,27998
1,2,16,14,19314,237,10,6,15929
1,4,3,8,15655,100,5,4,19842
0,10,3,19,18691,79,5,4,28519
0,7,13,18,14359,60,12,0,22393
0,11,8,18,19360,269,10,8,39318
1,6,8,11,8893,157,13,0,13995
1,14,17,4,11811,125,1,4,33656
1,16,9,9,14288,216,7,9,45260
1,3,3,16,7679,139,2,8,20567
0,12,11,4,15039,254,2,3,33840
1,17,7,15,8904,172,0,7,28831
1,0,1,6,12260,249,18,5,18265
1,15,12,8,5504,240,17,2,10424
1,12,15,2,14813,241,16,3,25625
1,9,1,14,19671,238,19,1,19086
0,11,10,15,15664,174,12,0,34187
0,1,9,17,15738,231,2,7,40929
1,2,14,13,14579,269,0,0,25539
0,9,16,2,16186,171,3,0,30103
1,1,7,11,11773,143,12,3,32874
1,12,17,8,8816,250,16,9,14215
0,12,8,6,18510,152,10,9,44385
0,17,7,8,5717,272,1,5,27044
1,2,13,12,16676,235,15,8,16926
1,6,17,17,9434,262,1,0,36501
1,13,19,4,5658,233,18,6,34774
0,19,19,12,10057,288,18,9,30008
1,16,11,3,9008,211,15,4,22560
1,11,18,1,17716,296,18,7,29340
1,15,13,15,9994,80,8,6,29976
0,11,16,8,9234,101,0,3,32626
1,14,2,8,8764,138,9,3,37720
1,9,6,5,16181,125,18,5,40001
0,6,16,10,9637,178,0,5,9700
1,19,11,0,7104,232,1,8,48795
1,4,8,3,14447,71,15,4,12860
0,0,14,12,11801,89,11,7,12526
1,16,17,12,15674,150,7,4,43327
0,2,12,12,13575,160,17,1,44500
0,12,7,1,7607,178,1,5,7513
1,13,13,8,13385,114,12,8,12830
1,17,7,7,16999,298,5,2,19781
1,3,13,6,8719,240,5,0,12910
1,17,6,3,7581,283,8,0,20847
0,4,11,17,7565,231,15,2,10649
1,15,10,2,7763,219,10,9,14120
0,0,10,5,15990,198,6,4,6951
1,13,12,11,11328,128,9,2,15165
1,14,17,11,10991,258,9,8,19352
1,8,1,7,15531,71,19,7,14746
0,14,14,0,8406,215,17,2,48738
1,16,19,3,13923,148,19,8,33997
1,3,17,10,19451,286,8,5,46954
1,11,14,2,16064,257,14,6,29183
1,4,18,12,16312,57,3,3,13804
0,4,11,16,9780,239,7,3,32169
1,10,12,9,9177,224,8,1,5595
0,5,10,11,11476,66,12,4,34592
0,6,4,14,7604,66,8,7,45643
0,13,0,9,13181,295,3,6,25823
0,10,2,13,7382,139,16,6,10972
0,12,18,12,5531,190,15,5,20882
0,1,6,4,11079,194,14,2,5858
1,6,11,5,17508,215,2,4,10519
0,19,14,1,5634,130,19,0,28769
0,3,4,16,14961,289,4,6,30020
0,7,14,3,16996,127,4,8,47748
1,19,7,13,15562,222,19,0,42085
1,18,9,9,19162,55,14,1,24838
0,12,15,2,5002,212,17,2,49912
1,13,7,2,19005,159,14,2,17879
0,9,0,14,13397,63,1,7,38798
0,10,11,5,10951,288,12,6,47255
1,1,4,16,17327,121,3,5,29290
0,8,2,11,19394,238,9,9,15255
1,16,0,19,15813,192,12,9,6447
1,2,3,10,17931,103,9,3,48005
0,5,7,3,10626,76,8,8,34195
0,4,2,5,12739,62,7,0,7850
1,4,9,0,11003,290,2,1,33400
0,14,1,19,7890,208,15,3,16953
0,16,10,15,16385,294,13,2,45874
0,8,9,14,15858,297,8,0,28535
1,2,13,16,11239,212,10,4,15000
1,19,6,7,13026,109,2,6,14503
0,16,1,11,8306,55,4,1,20493
1,9,8,9,5897,246,9,4,9055
1,2,15,14,14277,263,12,5,43170
1,17,12,8,14471,107,3,6,37408
1,17,8,1,19896,98,12,0,47049
1,16,19,4,19683,200,11,6,39440
0,2,3,5,5670,266,4,3,33251
0,2,9,6,12291,211,9,7,9532
0,5,11,0,6505,75,8,3,9924
1,12,16,6,11460,96,19,5,17546
1,14,13,19,16767,54,6,8,31579
0,8,13,11,18006,267,1,4,11085
1,3,1,15,10167,69,6,3,17390
0,13,19,15,15147,183,7,7,18280
0,4,10,10,10255,247,6,8,29118
0,1,15,3,5249,108,13,3,9864
1,10,18,12,11457,241,18,2,47084
1,8,5,6,6892,291,4,7,38989
0,2,18,3,8439,195,17,4,40628
0,8,4,14,15045,181,19,1,31849
0,2,3,18,7854,66,11,9,32566
0,1,14,8,14695,298,16,8,15702
1,11,3,10,16577,63,12,2,46196
1,9,19,7,16763,255,1,1,20385
0,8,9,0,8792,62,12,0,14336
0,14,2,7,16618,184,6,7,36225
1,7,4,12,19820,177,9,2,41021
1,4,5,3,10330,93,5,6,8782
0,10,7,7,12871,168,2,0,28341
0,1,6,2,13235,192,2,0,29094
0,14,9,8,8612,68,17,8,28866
1,5,5,1,7618,112,10,7,24049
1,7,13,1,9678,284,19,2,47719
1,4,3,12,8163,288,4,5,35992
0,15,12,14,14480,285,18,2,19567
0,17,19,11,7942,212,18,3,49451
1,5,16,3,13411,130,14,0,8513
1,4,6,7,6925,212,15,4,18335
0,15,3,8,7972,196,8,0,49140
1,12,13,4,16705,197,3,0,43590
1,4,2,19,15640,149,14,9,19837
0,12,4,17,16663,212,11,6,17122
1,16,15,10,15966,209,2,5,39840
0,17,19,14,5990,171,13,1,36007
0,7,3,8,16138,225,16,1,46297
0,12,1,16,6812,93,18,6,32684
0,18,17,11,18145,153,5,0,31393
0,2,18,6,13995,201,3,1,27754
0,7,18,9,5489,110,6,7,25799
0,1,16,9,16748,174,18,5,43727
1,7,13,12,10876,194,16,1,14107
0,12,18,18,14685,120,15,6,10993
0,12,12,10,8645,156,14,3,35805
1,0,11,12,12081,99,7,1,33114
1,5,5,7,7891,114,18,5,42789
1,18,3,7,14897,148,7,8,47942
0,15,18,3,8516,81,17,8,21138
1,7,15,14,8340,213,15,7,49527
0,0,12,10,11410,190,19,2,14190
0,15,3,10,5053,247,18,2,31723
0,8,16,0,7575,107,9,1,17886
0,12,0,16,16783,177,16,4,21779
1,10,17,14,5615,191,12,3,33174
1,12,19,19,18370,214,12,6,34086
0,9,16,5,10944,161,6,3,22322
0,3,14,14,12404,256,9,8,47596
0,5,10,8,5954,288,1,1,40278
1,6,12,13,15625,117,3,5,23033
0,4,0,17,6629,89,5,6,25074
0,10,16,16,15973,236,17,3,8435
1,12,5,17,11859,257,5,5,40969
1,18,3,4,13841,269,16,6,33942
0,9,19,19,15539,193,13,3,34059
1,9,15,19,17682,239,10,7,37826
1,10,14,8,8278,181,18,8,35297
0,6,14,10,10455,222,1,0,48890
1,17,5,0,15832,139,2,6,26322
0,3,14,17,8801,77,10,8,40739
1,1,13,5,7561,145,5,9,14719
0,13,10,1,16441,286,13,4,19017
0,12,6,14,11539,243,18,1,13314
0,11,8,13,5370,80,15,9,33295
1,6,15,4,5857,52,6,5,14628
0,1,4,5,9886,295,7,6,47122
1,12,19,5,17945,185,18,1,16492
0,13,9,17,12485,73,19,1,41113
0,16,17,13,18680,64,15,9,20357
1,8,2,9,5383,220,6,9,38329
0,16,12,13,19397,208,8,0,25365
0,7,10,12,17069,250,12,3,44029
1,1,16,2,15744,280,0,6,6737
0,12,12,5,9334,94,7,8,14096
0,2,5,7,9290,243,3,2,24938
0,15,16,11,7725,57,2,6,17682
0,5,12,12,17226,120,2,6,32499
1,18,18,10,16485,297,12,6,49491
1,6,18,11,11204,157,7,1,49866
0,9,9,0,18440,164,6,5,46894
1,8,2,16,11111,152,0,1,46034
0,1,13,15,9251,283,15,5,5294
1,14,18,10,17180,174,5,9,37536
0,4,4,12,5922,106,6,2,29596
0,3,4,17,7915,257,11,1,37649
0,19,19,10,16142,276,8,5,16434
0,3,16,11,12957,79,10,1,43098
0,17,9,5,18897,251,9,4,9655
0,3,4,8,8046,279,0,1,22493
1,16,3,15,14166,195,17,2,8771
0,11,5,3,6230,163,3,2,13563
1,16,3,2,15627,246,4,5,22558
0,9,6,15,12647,166,8,5,38932
1,0,6,11,15006,270,16,9,47243
1,17,17,10,16126,216,2,2,31567
1,17,2,4,9933,109,15,2,37376
0,13,0,17,19295,147,4,0,26922
0,14,3,18,14555,220,15,6,17388
1,11,5,5,8940,175,2,7,34332
0,3,8,17,11483,222,19,1,28495
1,2,13,5,5203,200,14,3,13434
0,19,11,3,5160,246,2,9,25991
1,11,19,11,17679,143,19,6,32472
1,6,3,18,13960,183,13,7,45030
0,10,11,1,8748,233,15,0,31849
1,0,9,16,11718,171,16,3,6541
0,5,6,10,7581,287,19,5,7765
1,14,2,10,6093,157,17,2,48074
1,14,13,15,9500,53,17,4,42259
0,18,9,1,13799,142,13,9,34283
0,10,15,1,10710,200,17,8,40851
0,1,15,7,14732,55,14,2,39625
1,13,9,12,7875,81,14,4,5769
0,1,12,9,8191,155,5,7,22806
1,3,5,7,6837,195,14,5,29982
1,16,11,3,5689,64,17,3,7972
0,2,8,14,8759,217,3,7,23256
0,12,12,0,16141,171,7,2,43367
1,8,3,10,18528,145,14,2,23653
1,6,10,6,7103,250,2,3,43043
0,14,19,16,5365,278,14,8,26133
0,10,17,19,19010,251,12,4,44339
0,19,10,17,16767,261,8,7,30757
0,1,3,11,13092,55,1,5,42840
0,14,17,8,17742,161,7,2,47399
1,13,0,4,17391,169,19,7,49013
1,19,6,9,9172,172,16,8,37069
1,10,5,3,17517,240,12,7,19706
1,2,14,4,11033,116,0,3,43231
0,16,17,9,7378,155,1,5,32909
0,11,10,10,6205,188,14,0,45218
0,14,19,9,9988,92,11,3,16095
1,15,14,7,17031,194,13,7,25343
1,4,15,1,10669,145,1,0,31469
0,19,6,7,7735,181,17,2,6313
0,5,9,15,19362,240,6,0,12847
1,18,11,4,16539,245,5,8,14166
1,4,13,2,14867,130,13,1,14930
0,2,4,11,13490,90,7,8,8285
0,0,17,12,5956,260,1,3,40863
1,5,4,12,14306,182,16,1,21704
0,14,2,9,11623,209,4,3,23705
0,1,4,3,19908,263,13,9,5555
0,2,16,8,15697,297,19,5,26323
1,16,18,1,6474,247,2,6,10432
1,11,18,18,9460,84,4,2,6386
1,17,11,0,12002,71,15,2,49007
1,14,8,6,18986,242,17,9,15619
1,11,0,16,17638,261,16,7,11854
1,15,17,2,16918,199,10,4,47964
1,7,3,19,16663,161,16,3,12637
0,13,9,19,11396,296,15,6,26225
0,16,6,2,7828,60,1,6,31739
0,7,0,2,19192,254,3,8,15618
0,14,16,16,7850,283,6,8,41561
0,13,1,6,18299,52,1,4,12373
0,17,10,13,15698,186,5,7,40281
0,19,8,16,16962,109,16,9,25187
1,6,6,17,7964,125,6,0,7327
1,2,16,12,9594,136,4,8,37391
0,11,16,19,14141,63,4,7,46577
0,2,1,19,19282,274,19,5,23549
1,19,5,17,19334,67,15,2,44220
0,13,13,3,17795,162,18,2,12642
0,14,5,0,18615,282,8,7,19435
1,13,1,17,11644,122,4,4,38760
0,6,0,0,7850,72,7,9,43192
1,16,9,12,19933,251,8,6,9381
0,11,4,19,5165,132,4,4,36047
1,19,1,19,16678,174,9,7,24558
1,3,15,9,15701,224,1,9,35782
1,8,1,10,5919,118,8,9,9782
0,5,9,8,13305,96,10,3,30881
1,15,1,8,8504,165,3,1,45228
0,1,15,4,5991,264,1,2,34409
0,7,15,0,11047,79,5,7,24462
0,10,18,16,19542,74,13,6,7983
0,12,6,1,8839,205,0,1,36933
1,16,11,12,6258,275,17,5,7523
1,7,14,8,12609,286,6,8,14677
0,17,7,3,16618,297,0,3,15292
0,17,5,4,13706,161,0,8,20089
1,13,9,10,18519,288,0,1,9581
0,14,2,18,9804,74,3,1,16907
1,5,18,2,16388,123,3,8,10609
0,10,16,11,19473,255,17,6,49143
0,12,6,18,17626,283,10,6,27936
1,0,19,18,15776,298,0,0,47725
0,5,3,12,5067,287,9,5,38988
1,8,13,6,14788,107,8,6,34506
0,7,19,14,10660,143,3,5,18163
0,10,14,6,9478,168,5,5,17537
0,18,7,7,13210,176,15,1,27419
1,8,14,4,15922,218,1,5,47578
0,16,19,13,8521,74,17,3,14455
0,11,13,3,19409,127,9,8,14063
0,13,8,9,5572,148,16,0,5834
0,14,7,19,12082,165,12,7,37214
1,15,16,14,12832,97,17,4,32398
1,19,1,17,10395,275,12,0,39492
0,0,2,19,7258,59,16,3,7413
1,9,7,12,16094,148,4,0,14505
0,7,11,7,11039,252,10,5,42266
0,17,0,8,5650,60,6,1,7105
0,0,9,15,10741,134,9,4,7568
1,1,19,18,18281,198,16,6,47098
1,0,2,15,11838,263,14,1,42679
1,0,5,6,7587,222,17,5,38560
1,8,6,13,12876,184,18,5,19195
1,12,19,13,8262,296,1,4,20762
1,0,17,3,6338,258,3,4,46294
1,12,10,14,9996,241,2,2,20898
1,19,18,2,16826,175,6,9,26577
1,6,4,4,10780,113,17,9,6214
0,1,18,0,7827,51,9,1,25803
1,5,10,2,18873,125,6,6,28698
1,6,11,14,19211,170,7,0,37980
1,13,9,7,19069,91,5,5,6658
1,17,7,3,10232,259,0,5,17270
1,14,8,1,7217,103,3,2,42792
1,1,3,9,8539,124,13,1,27301
1,9,4,3,12845,65,16,1,10141
1,11,7,2,19232,290,19,8,43756
1,16,8,1,14229,292,17,4,18777
1,7,14,16,19026,67,10,6,43346
1,10,14,19,9383,276,13,4,34441
0,2,15,12,17170,294,8,6,33469
0,5,13,4,19524,236,14,3,8845
1,8,7,8,7961,139,11,7,49650
1,5,17,5,8226,193,9,9,28290
0,8,9,4,18878,55,18,9,35699
